Original_Index,Unnamed: 0,Name,Longitude,Latitude,Daily_Pickup_Totes,Weekly_Dropoff_Totes,user_ratings_total,category,rating,weekly_high,weekly_low,best_weekly_estimate,Address,geometry,Adoption,Adoption Guess,Visited ,Influence,location_type,pickup_type,id,Bike Aggregation Point,Cumulative_Distance,Truck_Load
0,0,Moody Gardens,-94.8523,29.2736,0,0,,,,,,,,,,,,,depot,Truck,,,0,0
111,140,Aquarium Pyramid,-94.85420043,29.27236148,2,1,56.0,restaurant,3.5,,,750.0,"1 Hope Blvd Galveston, TX 77554",POINT (-94.8542004275391 29.2723614780696),Skeptical,Med,Yes,High,indoor,Truck,,,654,1
42,57,Schlitterbahn Waterpark Galveston,-94.8517369,29.2703671,8,6,4957.0,amusement_park,4.3,,,5500.0,"2109 Gene Lucas Blvd, Galveston",POINT (-94.8517369 29.2703671),Skeptical,Med,No,Med,indoor,Truck,,,1177,7
95,124,Galveston Primetime,-94.8542107,29.2530127,2,2,1321.0,movie_theater,4.2,4200.0,600.0,4200.0,"8902 Seawall Boulevard, Galveston Movie theatre)",POINT (-94.8542107 29.2530127),Skeptical,Med,No,Low,indoor,Truck,,,4628,9
93,122,Dolphin World Inc No 2,-94.85317,29.25173,1,1,5.0,restaurant,2.0,210.0,30.0,210.0,"718 41st Str Galveston, TX 77550",POINT (-94.85317 29.25173),Skeptical,Med,No,Low,indoor,Truck,,,4959,10
98,127,Jimmy's Curbside Restaurant and Grocery,-94.8531793,29.2506985,2,1,8.0,restaurant,4.5,,,750.0,"9001 Seawall Boulevard, Galveston",POINT (-94.8531793 29.2506985),Curious,Med,No,Med,indoor,Truck,,,5092,11
97,126,SEA BEAN Coffee Cafe,-94.8532271,29.2506218,2,1,7.0,cafe,4.5,,,750.0,"9001 Seawall Blvd Galveston, TX 77551 (Jimmies)",POINT (-94.8532271 29.2506218),Skeptical,Med,No,High,indoor,Truck,,,5101,12
122,159,Seahorse Grill,-94.86803806,29.24448719,1,1,237.0,restaurant,4.5,105.0,15.0,105.0,"3802 Cove View Blvd Ste C Galveston, TX 77554",POINT (-94.868038059798 29.244487190776),Curious,Med,Yes,Low,indoor,Truck,,,6817,13
133,170,Seawall Coffee Company,-94.86782336,29.24463873,2,1,47.0,restaurant,4.5,1050.0,350.0,1050.0,,POINT (-94.8678233612548 29.244638725096),Curious,Med,Yes,Low,indoor,Truck,,,6842,14
24,33,Cooper's Landing,-94.8780445,29.2407199,1,1,219.0,restaurant,4.3,700.0,280.0,700.0,"11150 Termini-San Luis Pass Road, Galveston",POINT (-94.8780445 29.2407199),Skeptical,Med,No,Low,indoor,Truck,,,8768,15
113,143,Mario's Pizza,-94.9373606,29.2082758,1,1,219.0,restaurant,3.5,0.0,0.0,93.75,"13708 Termini-san Luis Pass Rd Galveston, TX 77554",POINT (-94.9373606 29.2082758),Skeptical,Med,Yes,Low,indoor,Truck,,,16791,16
106,135,Hummel's General Store & Deli,-94.9374899,29.20822,2,1,22.0,convenience store,4.5,700.0,100.0,700.0,,POINT (-94.9374899 29.20822),Skeptical,Med,No,Med,indoor,Truck,,,16866,17
102,131,Galveston Food Truck Park,-95.0404814,29.1415146,1,1,6.0,food,5.0,,,0.0,"Nest to the Wet Whistle Bar in Sea Isle, 21510 Termini-San Luis Pass Road, Galveston",POINT (-95.0404814 29.1415146),Skeptical,Med,No,Low,indoor,Truck,,,29488,18
44,60,The West End Marina and Restaurants,-95.0470457,29.1449947,1,1,803.0,bar,4.1,300.0,150.0,300.0,"21706 Burnet Drive, Galveston",POINT (-95.0470457 29.1449947),Skeptical,Med,No,Med,indoor,Truck,,,30471,19
118,151,The Sandbar Grille,-95.0470522,29.1449775,1,1,292.0,bar,4.0,2000.0,1400.0,2000.0,"21706 Burnet Drive, Galveston",POINT (-95.0470522 29.1449775),Skeptical,Med,Yes,Med,indoor,Truck,,,30471,20
34,45,Nate's Westend Seafood & Steaks,-94.9850694,29.1752194,1,1,1470.0,restaurant,4.0,,,93.75,"17515 Termini-San Luis Pass Road, Galveston",POINT (-94.9850694 29.1752194),Skeptical,Med,No,Low,indoor,Truck,,,57937,21
115,145,Waterman's Restaurant,-94.94924164,29.2073822,1,1,350.0,restaurant,3.0,,,93.75,"14302 Stewart Rd Galveston, TX 77554",POINT (-94.9492416381836 29.2073822021484),Skeptical,Med,Yes,Med,indoor,Truck,,,63611,22
1,1,Sugar Bean,-94.8704183,29.2610286,1,1,476.0,cafe,4.7,200.0,50.0,200.0,"11 Evia Main, Galveston",POINT (-94.8704183 29.2610286),Curious,High,No,High,indoor,Truck,,,77259,23
28,39,Lil’ Buffalo Grille,-94.8706411,29.2610884,1,1,216.0,restaurant,4.8,350.0,35.0,350.0,"13 Evia Main, Galveston",POINT (-94.8706411 29.2610884),Curious,Med,No,Low,indoor,Truck,,,77476,24
99,128,Tin Cup's Caddy Shack,-94.8556317,29.2539288,1,1,197.0,bar,4.6,,,140.625,"9020 Stewart Road, Galveston",POINT (-94.8556317 29.2539288),Skeptical,Med,No,Low,indoor,Truck,,,79642,25
22,31,Sapori,-94.8412938,29.2592634,1,1,365.0,restaurant,4.5,0.0,0.0,93.75,"7611 Stewart Road, Galveston",POINT (-94.8412938 29.2592634),Curious,High,Yes,Low,indoor,Truck,,,81690,26
54,78,Taco Cabana,-94.82903,29.27079,2,1,109.0,restaurant,2.0,2800.0,400.0,2800.0,"2729 61st St. Galveston, TX 77551",POINT (-94.82903 29.27079),Opp,Med,No,Low,indoor,Truck,,,84363,27
130,167,Café Canela,-94.8308258,29.2744235,1,1,412.0,restaurant,4.6,350.0,50.0,350.0,"6105 Stewart Road Suite C, Galveston",POINT (-94.8308258 29.2744235),Skeptical,Med,Yes,Low,indoor,Truck,,,84943,28
129,166,Gypsy Joynt,-94.83164758,29.27417239,2,1,622.0,restaurant,4.5,2000.0,1400.0,2000.0,"6105 Stewart Rd Galveston, TX 77551",POINT (-94.8316475822502 29.2741723877485),TBD,Med,Yes,Med,indoor,Truck,,,85027,29
25,35,Panda Express,-94.83056,29.2755,2,1,10.0,restaurant,2.0,3360.0,3360.0,3360.0,"11745 San Luis Pass Rd Galveston, TX 77554",POINT (-94.83056 29.2755),Skeptical,Med,No,Low,indoor,Truck,,,85467,30
13,22,Cajun Greek,-94.8316408,29.2769392,1,1,999.0,restaurant,4.0,50.0,25.0,50.0,"2226 61st St Galveston, TX 77551",POINT (-94.8316408 29.2769392),Curious,High,Yes,Med,indoor,Truck,,,85739,31
119,152,Mario's Ristorante,-94.8315,29.27708,1,1,215.0,restaurant,3.5,210.0,175.0,210.0,"2202 61st St Galveston, TX 77551",POINT (-94.8315 29.27708),skeptical,Med,Yes,Med,indoor,Truck,,,85812,32
131,168,Gino's Italian Restaurant and Pizzeria,-94.832217,29.2753139,1,1,1056.0,restaurant,4.3,35.0,5.0,35.0,"6124 Stewart Road, Galveston",POINT (-94.832217 29.2753139),Skeptical,Med,Yes,Low,indoor,Truck,,,86160,33
88,117,Cafe in the Park,-94.85089697,29.27307241,3,3,48.0,restaurant,3.0,2000.0,800.0,2000.0,"7 Hope Blvd Galveston, TX 77554",POINT (-94.8508969682617 29.2730724079183),Skeptical,Med,No,High,indoor,Truck,,,88639,36
96,125,Palm Beach At Moody Gardens,-94.850972,29.275732,8,6,958.0,amusement_park,4.5,,,5500.0,"8928, 1 Hope Boulevard, Galveston",POINT (-94.850972 29.275732),Hesitant,Med,No,High,indoor,Truck,,,89135,42
112,141,Moody Gardens Restaurant (shown under other restaurant),-94.8520363,29.2757299,1,1,2.0,restaurant,3.0,0.0,0.0,93.75,"1 Hope Boulevard, Galveston",POINT (-94.8520363 29.2757299),Skeptical,Med,Yes,High,indoor,Truck,,,89164,43
110,139,Rainforest Pyramid,-94.85260158,29.27548471,2,1,26.0,restaurant,4.0,,,750.0,"1 Hope Blvd Galveston, TX 77554",POINT (-94.8526015753142 29.2754847110984),Curious,Med,Yes,High,indoor,Truck,,,89338,44
0,0,Moody Gardens,-94.8523,29.2736,0,0,,,,,,,,,,,,,depot,Truck,,,89794,44
